cert,
35314,
22229,
21265,
57815,
57369,
21578,
20711,
31823,
24823,
24156,
57083,
34643,
58377,
58687,
8033,
34998,
58181,
58657,
58413,
16584,
34110,
12266,
20568,
35241,
10843,
34334,
29399,
33708,
34089,
58348,
34308,
20179,
34052,
28480,
27026,
20856,
19904,
14331,
4051,
12761,
21090,
57915,
2327,
15118,
11521,
17001,
25738,
422,
1561,1
2320,
16511,
10319,
25679,
57901,
27074,
57119,
31762,
17881,
34656,
26223,
34319,
26351,
23772,
26856,
19629,
26727,
25886,
3337,
24347,
22657,
18301,
20845,
24961,
18454,
252,
13959,
1417,
34146,
58586,
14679,
57134,
24015,
26790,
35151,
21111,
31189,
27267,
58203,
32257,
34967,
30394,
32209,
25749,
58263,
33188,
23373,
58196,
34759,
33568,
34968,
20828,
31469,
22946,
30387,
34496,
23086,
58469,
57966,
57444,
23805,
26363,
58310,
58037,
57417,
26610,
30306,
18503,
57873,
19416,
32277,
24170,
57944,
57463,
33539,
58816,
33103,
25869,
31628,
34010,
58234,
58060,
20387,
23242,
23749,
33013,
58401,
30722,
57974,
24211,
33316,
20884,
30692,
25158,
18296,
58231,
23966,
58282,
58407